{
  "config_path": "C:\\Users\\clewr\\TrackManiaAI\\configs\\base.yaml",
  "duration_seconds": 15.0,
  "active_steps": 171,
  "episodes": 3,
  "step_dt_seconds": 0.05,
  "avg_step_duration_seconds": 0.05066595438635317,
  "max_step_duration_seconds": 0.09941029999754392,
  "avg_step_overrun_seconds": 0.0012214842105892976,
  "max_step_overrun_seconds": 0.04941029999754391,
  "avg_obs_retrieval_seconds": 0.006460433918693408,
  "avg_send_control_seconds": 0.00012861246463156145,
  "avg_reward_compute_seconds": 9.120701856799532e-05,
  "avg_preprocess_seconds": 0.008014405847626482,
  "reset_count": 3,
  "avg_reset_duration_seconds": 2.11448003333741,
  "max_reset_duration_seconds": 2.3831868000124814,
  "cumulative_reset_time_seconds": 6.343440100012231,
  "cumulative_active_drift_seconds": 1.1886504834110383,
  "max_active_drift_seconds": 0.0560659997863695,
  "wall_clock_total_seconds": 15.107470499991905,
  "rtgym_benchmarks": {
    "time_step_duration": {
      "average": 0.05777941207350578,
      "average_deviation": 0.034513076227411614
    },
    "step_duration": {
      "average": 0.050188163531720745,
      "average_deviation": 0.001310924322353492
    },
    "join_duration": {
      "average": 0.049356052706691536,
      "average_deviation": 0.0008903386483627922
    },
    "inference_duration": {
      "average": 0.008429360713851752,
      "average_deviation": 0.036423677243115286
    },
    "send_control_duration": {
      "average": 0.00012861246463156145,
      "average_deviation": 3.718172693841217e-05
    },
    "get_obs_duration": {
      "average": 0.015439173898578146,
      "average_deviation": 0.0005065029547587736
    }
  }
}