{
  "config_path": "C:\\Users\\clewr\\TrackManiaAI\\configs\\base.yaml",
  "duration_seconds": 15.0,
  "active_steps": 71,
  "episodes": 3,
  "step_dt_seconds": 0.05,
  "avg_step_duration_seconds": 0.12932305633784008,
  "max_step_duration_seconds": 5.626380999994581,
  "avg_step_overrun_seconds": 0.07980831408414928,
  "max_step_overrun_seconds": 5.576380999994581,
  "avg_obs_retrieval_seconds": 0.007383419718908172,
  "avg_send_control_seconds": 0.00011616713665801104,
  "avg_reward_compute_seconds": 0.00010751126724308436,
  "avg_preprocess_seconds": 0.008103392958398384,
  "reset_count": 3,
  "avg_reset_duration_seconds": 2.4604342666619536,
  "max_reset_duration_seconds": 3.350336799994693,
  "cumulative_reset_time_seconds": 7.3813027999858605,
  "cumulative_active_drift_seconds": 6.155810292941169,
  "max_active_drift_seconds": 5.5764030999998795,
  "wall_clock_total_seconds": 16.68551889999071,
  "rtgym_benchmarks": {
    "time_step_duration": {
      "average": 0.2579526459162541,
      "average_deviation": 0.23928746172747223
    },
    "step_duration": {
      "average": 0.058424129888496136,
      "average_deviation": 0.03138936001324029
    },
    "join_duration": {
      "average": 0.052794779484523574,
      "average_deviation": 0.026935535747346088
    },
    "inference_duration": {
      "average": 0.0014575968424375882,
      "average_deviation": 0.010937717846239066
    },
    "send_control_duration": {
      "average": 0.00011616713665801104,
      "average_deviation": 4.235390133672192e-05
    },
    "get_obs_duration": {
      "average": 0.019946207017654517,
      "average_deviation": 0.026892686918149472
    }
  }
}